candidate_id,ra_deg,dec_deg,redshift,visual_quality_grade,spectrum_id,obsid,conservative_core,n_retained_spectra,snr_4000_5000,ew_oii_3727,ew_hdelta_4101,ew_hgamma_4340,ew_hbeta_4861,ew_halpha_6563
RSI-PSB-0001,26.360482,38.700077,0.0678925,A,spec-56972-HD015029N381811B01_sp03-204,264203204,True,1,13.077714733301802,1.0290498309060203,8.408089617816556,4.859545966343776,5.4858711999080585,2.422671303840621
RSI-PSB-0002,341.740589,-3.976952,0.111077,A,spec-59901-EG224206S032824B01_sp08-057,1055308057,True,1,18.77025040276183,-1.236542740942291,8.024786533180723,4.690433037678145,4.981368293600407,1.8501586335320173
RSI-PSB-0003,349.3299422,17.7609417,0.160088,A,spec-57329-EG231359N193802M01_sp07-165,381307165,True,1,13.95558542774145,-0.0704954177094202,7.008190425154049,4.253027356847756,4.732021588393901,2.315030120347708
RSI-PSB-0004,38.8751745,19.7767134,0.1388,A,spec-58130-EG022547N201648M01_sp06-102,628706102,True,1,13.903358742225228,-0.8367529081435208,5.794470650333854,3.29077739784028,4.40415808128279,2.158990685929917
RSI-PSB-0005,33.9202123,1.6046044,0.145502,A,spec-57747-EG020648N012631M01_sp13-070,500013070,True,1,11.668668618325436,-1.6411708508446,6.005997300763861,3.384536534411827,5.001243458903237,2.3126467429101125
RSI-PSB-0006,43.4595074,6.450281,0.174731,B,spec-59517-EG025613N082253M02_sp02-217,937802217,True,1,12.081601997294907,0.3159167946762543,7.883926036731057,5.540728473922909,5.653499505915471,2.3298003883660776
RSI-PSB-0007,157.1461641,-2.5545058,0.098699,B,spec-59643-HD103450S035358M02_sp16-094,993416094,True,1,17.737848421738292,-0.1246834194145224,7.707705084718383,4.731797910731063,4.960305638237381,1.0399503241816437
RSI-PSB-0008,140.642956,-1.2776206,0.159227,B,spec-58837-HD092603S011405B01_sp03-173,777703173,True,1,10.808010123147849,-0.5715380661359112,7.957792524738524,4.522412433340016,5.325007107642644,1.3932935597245308
RSI-PSB-0009,201.3299973,6.5373238,0.07437,B,spec-58163-HD132442N042407B01_sp11-125,645311125,True,1,18.885554593591568,-0.8750560742743396,7.23044627749499,4.222814283503293,5.017994611020034,2.053326329637969
RSI-PSB-0010,330.0102947,4.8383683,0.0866416,B,spec-57330-EG220307N031056M01_sp16-105,381716105,True,2,11.910003610869966,0.3466477743725059,7.595275827838805,4.151161654577534,4.875410680003252,0.807491374835392
RSI-PSB-0010,330.0102947,4.8383683,0.0867076,B,spec-57279-EG220007N064302M01_sp01-095,353601095,True,2,13.680126224660352,-2.1412065197138497,7.02322070680854,4.193736262057195,4.82019186519338,0.76478711840155
RSI-PSB-0011,19.203471,12.2545382,0.126254,B,spec-58399-EG012119N113212M01_sp15-059,678415059,True,1,16.561788048734837,0.6428791348887493,7.159276275651791,3.77394494937593,4.530829808514898,2.3289954612575903
RSI-PSB-0012,263.7758513,21.514492,0.0860107,B,spec-57127-HD173704N201531B01_sp15-215,341815215,True,1,15.925987552990671,-2.374213949275433,7.835132739939092,3.9837986792571054,4.7302241096619095,1.7090299122833603
RSI-PSB-0013,289.06311,46.748562,0.0383717,B,spec-57298-KP192314N471144V02_sp03-250,363403250,True,1,11.319091593039298,-0.8826712281209924,6.851590105975696,3.8778223335687545,4.702452107150953,1.2198376236014878
RSI-PSB-0014,19.7872241,-3.8962072,0.131872,B,spec-56632-EG012606S021203F05_sp02-093,187602093,True,3,9.837568022975764,1.0173998163460385,6.928469754294053,2.967186097962896,4.846266301875742,1.59800909631347
RSI-PSB-0014,19.7872241,-3.8962072,0.131908,B,spec-56591-EG012606S021203F01_sp02-093,169902093,True,3,8.409059402222447,-0.7296589171164799,7.561795369645961,2.3088775922590044,4.094913089743455,1.6587827953812906
RSI-PSB-0014,19.7871986,-3.8961687,0.1315,B,spec-57719-EG012606S021203M01_sp02-093,506202093,True,3,11.439097107966925,0.2355092615128324,5.082322923048139,2.784031895350494,3.925318933897544,1.857516157198132
RSI-PSB-0015,29.0838732,-3.4840217,0.159607,B,spec-59169-EG014733S025443M01_sp06-175,855606175,True,1,12.25117297996274,-0.4466784300616929,6.639093635414049,3.509862028676144,4.593670837916763,3.0508841801614124
RSI-PSB-0016,117.8008045,12.5421871,0.175586,B,spec-59640-GAC118N12M1_sp03-191,991203191,True,1,10.525217111731706,0.3844071158435624,6.067170994064243,3.474148011068916,4.464612931212575,1.5346110954344352
RSI-PSB-0017,350.6338489,11.5809813,0.134593,B,spec-57725-EG231518N122615M01_sp06-206,486506206,True,1,18.73491473787714,-1.4748056592142649,6.505694147298458,3.3888366128150893,4.201073674543608,1.135027809530595
RSI-PSB-0018,50.4070768,-2.1533168,0.152296,B,spec-58837-EG032049S030630M01_sp15-130,777615130,True,1,12.654365348151195,0.4272933559127982,5.951357228131932,3.1741992276761497,4.1087545347073,1.9093209152693031
RSI-PSB-0019,247.564059,56.8750164,0.186818,B,spec-59370-HD162136N565237M02_sp08-088,910708088,True,3,7.794254951796082,2.3803197032740773,5.940089770967428,3.007628314235263,4.987651460348336,2.022739878275513
RSI-PSB-0019,247.564059,56.8750164,0.186676,B,spec-58931-HD162136N565237M01_sp08-088,812908088,True,3,13.66034102952891,-1.1233286904659228,5.968564213660531,2.9764584957368085,4.290746270137281,2.1231740711152165
RSI-PSB-0019,247.564059,56.8750164,0.186696,B,spec-59371-HD162136N565237M02_sp08-088,910808088,True,3,10.452868412265452,-1.8249129490013776,5.685595308980248,3.131677073815965,4.446714509317574,2.070920834649495
RSI-PSB-0020,229.565886,53.325992,0.151548,B,spec-58937-HD150616N543322M02_sp07-130,814507130,True,1,14.297708330496835,0.6889596351653128,5.417242983673298,2.622143706535895,4.309736605418317,2.00444762091033
RSI-PSB-0021,338.4828181,-2.9300086,0.09415,B,spec-57721-EG224206S032824M01_sp14-205,484814205,True,1,14.987227885227997,-0.7616785096467384,5.374926879818355,3.30683616367931,4.105069585438271,1.9535756102919648
RSI-PSB-0022,29.6030548,19.976955,0.120174,B,spec-58096-EG020342N181511M01_sp16-182,613916182,True,1,13.867789088170078,1.3515353440689089,4.846265757647127,2.49455885906001,4.095201529338269,2.223298353368538
RSI-PSB-0023,240.66035,27.211289,0.0319453,B,spec-57136-HD160238N263643M01_sp04-216,343704216,True,1,12.971264899563174,-1.81925448849416,5.626349157338872,2.994670554818502,4.221680934747354,1.891344903966284
RSI-PSB-0024,138.4726327,18.9418378,0.032468,B,spec-57828-HD090902N172810B02_sp12-077,554312077,True,1,8.32264502463779,1.3096773115314568,5.213419713149321,2.504456255078506,3.963840266171138,2.145352912108186
RSI-PSB-0025,152.7856752,33.1208308,0.128587,B,spec-57071-HD101506N312805M01_sp16-058,320216058,True,1,11.364112207492452,-4.681420088273924,7.331393919566756,3.960418865308601,4.495355414228332,2.506609854616349
RSI-PSB-0026,35.0954703,24.5584938,0.104061,B,spec-57362-EG022114N232535M01_sp15-004,386615004,True,1,9.23192455436791,0.9260199454516486,5.008858497988047,2.268948999886529,3.98781875377557,2.4425252974185607
RSI-PSB-0027,328.3720761,5.8188199,0.180988,B,spec-57279-EG220007N064302M01_sp10-158,353610158,True,1,9.943408918685243,-2.0153785268560007,5.4684558448873775,2.8390916873792023,4.119479608126924,2.56531914903443
RSI-PSB-0028,145.27826,34.73244,0.0497108,B,spec-56633-HD095000N333605M01_sp14-002,188214002,False,1,11.04664348821618,1.969301617477059,5.374940124577638,3.11789012452245,3.8605426407698302,1.2960989065549249
RSI-PSB-0029,55.839772,15.2876404,0.115269,B,spec-57723-KP034626N133032M01_sp16-118,485816118,False,1,12.593773664837416,-3.607493357820648,6.744544909674826,3.2958389014224623,4.496292322817208,1.6660484469957892
RSI-PSB-0030,13.218807,35.802722,0.101373,B,spec-57279-M31012N38M1_sp01-025,353901025,False,2,12.031905680806403,-1.7846494562633524,6.010529480017334,2.884029386085688,3.80528594037937,1.6865882083775705
RSI-PSB-0030,13.218807,35.802722,0.101417,D,spec-56652-M31012N34M1_sp09-110,198309110,False,2,10.800761939209348,-0.8402239502364108,4.58748557909653,3.3967279684937592,3.617476427490881,1.6484332464020377
RSI-PSB-0031,222.1275956,37.112647,0.071383,B,spec-58612-HD145553N362548M02_sp14-160,743714160,False,1,9.600695557360144,-0.960113546428816,4.5349023959578325,2.519346294110092,4.332588806961896,2.0502299872866754
RSI-PSB-0032,229.209781,6.933578,0.031068,B,spec-59700-HD151331N050239M01_sp12-073,1009712073,False,1,9.510756010345528,1.0343190746229871,4.65122416367465,2.144751536029521,3.643994610623026,1.640662192016306
RSI-PSB-0033,144.9297142,14.8537826,0.129193,B,spec-59579-HD093702N162616M02_sp07-218,962307218,False,1,11.86198757070172,0.4801793020121142,4.278770386881965,2.1077880423728947,3.460956275020997,1.855261042061482
RSI-PSB-0034,45.3099621,-1.9867971,0.144003,B,spec-59112-EG025335S013827M01_sp06-049,837306049,False,1,10.327092862052591,0.223899511650609,4.442498639285807,2.1467531543097813,3.2755471088012045,1.7499915721569543
RSI-PSB-0035,321.647488,3.689125,0.111487,B,spec-57328-EG213118N034906M01_sp03-085,380303085,False,1,11.769254075267572,0.4086850548189298,4.3346357977570005,1.877819374968242,3.402695731544612,1.530600962150095
RSI-PSB-0036,37.7723795,22.6216118,0.0319689,B,spec-57362-EG022114N232535M01_sp06-119,386606119,False,1,9.8355239051443,0.2934459495334797,3.6349571334041486,1.977542923319332,3.790696822214292,2.0209182015352267
RSI-PSB-0037,107.5233,31.550483,0.169732,B,spec-57041-GAC107N32M1_sp05-049,299505049,False,1,8.040990256406129,3.116881702332269,4.966649008936149,1.5669330804738597,3.099052052803064,1.7882153085468802
RSI-PSB-0038,284.77795,40.093189,0.128168,B,spec-57908-KP190339N395439B01_sp03-161,576403161,False,1,19.277316065227,-0.1658848827266751,3.1011515443953344,1.6431172944064405,2.5764770298154094,1.1262910861427644
RSI-PSB-0039,123.1896798,47.909582,0.093582,C,spec-59251-HD081205N465629M02_sp15-148,890615148,True,2,16.24592265380616,-3.362262018852872,9.255510684509376,4.965863978928536,5.336114864951445,1.4736209802595328
RSI-PSB-0039,123.189716,47.909565,0.0934343,C,spec-57394-HD081205N465629M01_sp15-148,401615148,True,2,14.405999606278412,-3.861246436003647,8.131610396519847,4.367006015167001,5.230654725718906,1.0973575875380563
RSI-PSB-0040,24.598744,7.3869347,0.1764,C,spec-57369-EG012903N071738M01_sp13-072,388413072,True,1,9.249851016381443,0.5270880000958207,7.535845011562968,4.199518417355357,4.324984430737048,-0.0668065346456192
RSI-PSB-0041,171.3591846,-4.5434604,0.081805,C,spec-57839-HD112914S042705M01_sp03-183,557903183,True,1,6.073919413149203,-1.411235393074067,9.355908255675626,4.5743935190444,3.910868554268688,1.8475858040905715
RSI-PSB-0042,62.16504,0.60077,0.137775,C,spec-56604-EG041109N021906M01_sp02-072,174702072,True,1,11.217066016639034,-4.929692037253611,8.515155019709717,4.782908917607579,5.874146808355358,0.6224181051585964
RSI-PSB-0043,171.7378477,-5.8776666,0.116797,C,spec-59607-HD112914S042705B04_sp05-105,974605105,True,1,16.066038686515135,-3.301792923169983,7.637202239036688,4.377568026401806,4.724460018907514,1.1478824816187736
RSI-PSB-0044,12.806454,29.0114757,0.189418,C,spec-58070-EG004228N273834M01_sp12-205,600812205,True,1,7.671404128084895,-4.632197967446748,8.506216798169923,5.117273408436749,5.613854497956861,-0.0998679993568881
RSI-PSB-0045,341.8748038,12.3205146,0.166493,C,spec-57327-EG224429N141726M01_sp07-160,379907160,True,1,6.642246122862163,-1.1031891458634508,6.894087067436085,2.860748680476056,5.847387222604339,0.9178513780691212
RSI-PSB-0046,139.76564,32.35887,0.116363,C,spec-56746-HD092127N325407M01_sp03-008,231003008,True,1,11.66601041825628,-0.5412697225830185,5.694591588049887,3.266833491685152,4.522136523951909,1.64112641337287
RSI-PSB-0047,18.2987488,2.2838827,0.0458408,C,spec-57307-EG011815N023302M01_sp03-095,368503095,True,1,14.147354932701678,-2.97990213425265,7.157998572058309,3.790890207800604,4.470817350691853,1.4010898204494064
RSI-PSB-0048,345.09531,6.82688,0.0355929,C,spec-56600-EG230400N063658M01_sp03-212,173503212,True,1,11.308201121919067,-0.5952293384080342,5.582519783459082,3.449749540068587,4.428188524003327,1.2642667769309344
RSI-PSB-0049,182.1317253,34.0540632,0.0502289,C,spec-57399-HD121251N314746B01_sp16-246,404816246,True,3,11.22502411148585,-0.02937740172159,5.632357041504981,3.074357757943734,4.066462001249772,1.712695411511768
RSI-PSB-0049,182.131717,34.054061,0.05,C,spec-58227-HD121251N314746M02_sp16-236,661616236,True,3,6.007195238837112,6.799848319071165,5.080233853850415,3.4662008813840792,4.136609449143269,1.8028827999040649
RSI-PSB-0049,182.1317824,34.0540793,0.050069,C,spec-58138-HD120440N353402M02_sp07-118,633007118,True,3,15.499195748304915,-1.772685855428906,5.502646104330423,3.27263300178874,3.762538622337847,1.3722849963109658
RSI-PSB-0050,183.4649612,-3.5893288,0.0806517,C,spec-56719-HD121616S031407M_sp03-021,219803021,True,1,10.441048675922506,-0.2063663701952913,5.639095771621885,3.5884931639643765,3.82628398152797,0.6058102388099894
RSI-PSB-0051,21.864467,38.434116,0.126769,C,spec-57014-M31020N36M2_sp12-054,284012054,True,1,9.158843943129632,-1.2620369850384163,6.073910619276855,3.723353241028269,4.307054302352142,1.3223902000172985
RSI-PSB-0052,146.9733194,-1.3408177,0.121563,C,spec-58487-HD095639S002741M02_sp10-098,710310098,True,1,6.594334284681279,-3.540964095495732,7.946211506246796,4.162741556823991,4.642871488815622,1.2460476442324089
RSI-PSB-0053,26.2401256,11.6473022,0.129578,C,spec-58838-EG013740N120442M01_sp06-084,778406084,True,1,7.78823151160934,1.589321372184321,5.049694590455518,3.4700623699855973,4.378121035857558,1.5929859845733996
RSI-PSB-0054,14.538045,44.279404,0.0942716,C,spec-56957-M31011N44M1_sp06-160,256706160,True,1,12.603630391287714,-2.3064335810175645,6.855856219315526,3.3852882031970224,4.115470190970541,1.9894297372695235
RSI-PSB-0055,56.8371221,8.3768599,0.0947308,C,spec-57393-EG035008N063714M01_sp16-117,400716117,True,1,9.468971008958963,-1.001932681354852,6.029932153776215,3.489366659584035,3.8646036446383154,1.7143686274111634
RSI-PSB-0056,319.7864841,19.7463355,0.115412,C,spec-57312-HD212205N194816B01_sp03-195,372003195,True,1,12.750026283405909,-2.559435982041868,6.209176796904141,3.567435531308883,4.384993756915408,0.425254877914025
RSI-PSB-0057,51.0757847,4.7276153,0.186893,C,spec-57373-EG032843N042125M01_sp03-125,389303125,True,1,5.839487772499863,3.8958955562916846,5.155141529745854,2.978768399024857,4.499668255072146,1.733756183877879
RSI-PSB-0058,323.56995,1.44217,0.176655,C,spec-56948-EG212551N003203M01_sp13-184,254813184,True,1,7.82432800814964,-1.6629078813974454,6.553382560131533,3.1128765343313174,4.118521638945193,0.8113843039693471
RSI-PSB-0059,353.8473848,7.0698073,0.067142,C,spec-57720-EG232804N083753M01_sp07-138,484207138,True,2,9.314519860151384,1.032957564764981,4.798584010857166,2.7731570613578564,4.316973172558703,2.1344737868135044
RSI-PSB-0059,353.84747,7.06978,0.0672074,B,spec-56568-EG233013N050046M01_sp12-042,160712042,True,2,8.514771945249747,-0.6438232980998888,4.522258400030356,2.394610558066101,3.9566281147445697,2.367137850279553
RSI-PSB-0060,2.378695,12.815644,0.075834,C,spec-59144-EG001532N132509M01_sp10-242,843710242,True,1,8.785423131830564,0.194242135441926,5.27414242687794,2.702412919902388,3.971741071329905,1.803064402659267
RSI-PSB-0061,45.8809749,1.3034257,0.0308882,C,spec-57043-EG030739N012421M01_sp03-181,300703181,True,1,10.853663635015474,6.001200484676196,4.521982727202658,2.81420900999088,3.895138538686022,1.9248712999441933
RSI-PSB-0062,356.6233361,10.2442595,0.0614329,C,spec-57284-EG234322N101953M01_sp08-028,355008028,True,1,12.368547027825969,1.6027929569078998,4.014874853687709,2.897670094259938,4.08318500163377,2.539778764495126
RSI-PSB-0063,3.91604,6.68352,0.0699062,C,spec-56602-EG001605N080655M01_sp05-014,174105014,True,1,8.991226577105795,1.605356169319185,4.788810641124286,2.8637963306242566,3.8330737901467153,1.7469861730358691
RSI-PSB-0064,162.23431,29.90188,0.197217,C,spec-56685-HD104953N275826M01_sp11-005,212711005,True,1,7.549358942935012,1.5885603178142813,5.130550596146337,2.117178045066861,4.297868532838443,2.149137184230656
RSI-PSB-0065,54.9906354,38.4300365,0.072756,C,spec-59932-GAC055N37M1_sp15-197,1068215197,True,1,9.94560493122114,-1.5145205867708489,5.511127514264161,2.804977106152855,4.320980697647489,1.3743351769145136
RSI-PSB-0066,11.410991,39.664384,0.0788667,C,spec-57013-M31011N40M2_sp05-129,283305129,True,2,7.631196015475857,3.643887994667259,5.758847767277907,2.52544937075047,3.1460278537118858,1.647668976478352
RSI-PSB-0066,11.410991,39.664384,0.0786613,D,spec-57279-M31012N38M1_sp16-165,353916165,False,2,10.003379919178949,-6.271607201057186,3.1860981465468727,2.6355361477208503,4.220821423536906,1.3476349118599746
RSI-PSB-0067,352.87119,3.01094,0.167997,C,spec-56983-EG233528N011847M01_sp16-070,269816070,True,1,7.773580034877686,-0.8250495089755421,5.447107502265975,3.2222915646486303,3.5504286948576955,1.0992084872028067
RSI-PSB-0068,21.0199748,2.0556035,0.0445225,C,spec-57307-EG011815N023302M01_sp06-246,368506246,True,1,13.4960198449901,-2.103773923822758,5.700373316775888,2.949448525349496,3.87854015187768,2.072286522690565
RSI-PSB-0069,3.1692916,15.1243539,0.091759,C,spec-59144-EG001532N132509M01_sp16-119,843716119,True,1,12.160119750147969,-0.3155910167526105,5.147393888693135,2.2536574610057354,3.451658965985321,1.152911478428455
RSI-PSB-0070,344.05475,5.32854,0.0717923,C,spec-56562-EG225232N033308M01_sp12-071,159512071,True,1,10.4812030294849,-2.2440243399054927,5.179185320388225,3.8540540476059535,3.950471090708046,0.7611220968099809
RSI-PSB-0071,160.8152689,1.5953154,0.106523,C,spec-58931-HD104509N022916M02_sp05-072,812605072,True,1,12.48937620114623,-0.6844903148536259,4.731603626042299,2.3668956452403886,3.6196533306840193,1.3430276657624334
RSI-PSB-0072,151.1036016,-4.4241626,0.128985,C,spec-58515-HD100512S033102M01_sp05-164,722805164,True,1,8.506967554580516,-2.7416338770637183,5.697211305188478,3.4395815866707906,3.990886164357008,1.5927526473704183
RSI-PSB-0073,1.8438194,7.2054869,0.0430688,C,spec-57309-EG000015N080026M01_sp06-207,369906207,True,1,8.31148345004767,-1.3409889526603318,4.815821951083708,2.5994504364615727,3.980016475228054,2.191325485724024
RSI-PSB-0074,195.314427,19.273553,0.125958,C,spec-57070-HD125112N190940M01_sp13-060,319713060,True,1,8.853611649341099,-0.8065490422235813,4.484910806352659,2.306566430960261,3.43458373901398,1.4190713865741242
RSI-PSB-0075,21.4325978,4.3129984,0.11555,C,spec-57284-EG012716N034819M01_sp04-033,354804033,True,1,11.84126360527856,-3.42359326115844,5.662149694965203,2.842048316934678,3.778583123321604,0.6778058122036511
RSI-PSB-0076,8.0993409,35.906986,0.130421,C,spec-56952-M31005N35M1_sp13-048,255813048,True,1,7.370909140702484,-1.883978745013104,4.671926748132638,2.582319689540974,4.103902581105863,2.045791690592909
RSI-PSB-0077,68.8588484,-3.2827105,0.105749,C,spec-57362-EG043159S042253M01_sp09-072,386709072,True,1,15.436908315514955,-1.7855319930895874,3.68855641190832,2.331785550088697,4.00239522354034,1.7819561402956572
RSI-PSB-0078,355.9340691,16.6684489,0.0685728,C,spec-57330-EG234652N173144M01_sp05-243,381805243,True,1,10.4080294051226,-4.188586512143371,5.468401759682427,3.291486218857961,4.249938848205727,1.7791837077149673
RSI-PSB-0079,138.4482879,41.2231,0.129632,C,spec-59553-HD091118N401801M03_sp09-116,950009116,True,1,10.944881940235108,-0.7743190399426798,3.662739457375236,1.85878038974174,3.833787518040529,1.311759484330444
RSI-PSB-0080,21.0983055,3.6293712,0.119048,C,spec-59577-EG012716N034819M02_sp03-189,960503189,True,1,15.36841521070074,-1.0207543581937042,3.4028234576376977,1.6205014145734835,3.5050888755917726,1.1204568100835623
RSI-PSB-0081,7.4786125,3.5868721,0.190009,C,spec-58808-EG002616N034932M01_sp08-050,767308050,True,1,7.2655418519226656,-4.5134929125003,5.738743858430038,3.0608421448884795,3.939420396103808,1.5546225382486716
RSI-PSB-0082,224.5619386,37.7271636,0.146834,C,spec-58612-HD145553N362548M02_sp09-082,743709082,True,1,5.195681949604547,0.7556767983917678,4.028641482236774,3.1795352716600047,1.1959871812421654,1.389849601480415
RSI-PSB-0083,334.7585071,-1.4424478,0.099158,C,spec-59163-EG222332S021805M01_sp15-063,852715063,True,1,9.417842836086194,-1.7985737578420622,4.320612965938404,1.918651755159143,2.5987694034730504,1.440193189517703
RSI-PSB-0084,202.563501,33.774886,0.0234443,C,spec-57066-HD133738N334417M01_sp10-226,318210226,True,1,10.26067741050045,-8.239082103219669,6.677502133080368,3.5635542027205367,4.345832344309001,1.0668913308481096
RSI-PSB-0085,32.3248818,6.596471,0.152017,C,spec-57280-EG020152N075151M01_sp06-221,354006221,True,1,9.303783867732308,-8.358396119901517,5.694981064262817,2.977000288083816,3.966943174609942,1.047345440810655
RSI-PSB-0086,157.7999976,47.9872586,0.058704,C,spec-58549-HD101926N482348M02_sp06-127,733006127,True,1,9.332714655461196,-9.397255347746938,5.707478866383647,2.487076125627494,3.2716910990708388,1.4918743563276713
RSI-PSB-0087,54.5205002,9.8180761,0.036744,C,spec-59201-EG033024N112011M01_sp07-134,868607134,False,1,11.0095533378342,-0.9088724145859975,7.026821305312791,3.433021018991411,4.470842962111092,0.5099607667999968
RSI-PSB-0088,228.308422,20.164245,0.038029,C,spec-57920-HD151245N190542M01_sp15-129,581415129,False,2,8.029380745220198,-1.2720651319530711,6.853140398110323,4.065703250821183,4.164393907860838,-1.4246755645597533
RSI-PSB-0088,228.3084231,20.164249,0.0381593,C,spec-56749-HD151245N190542B01_sp15-129,231615129,False,2,6.722592661247241,0.3036889954429809,6.483784240285074,3.950101438187436,3.316010711941088,-2.554578725842348
RSI-PSB-0089,138.4440237,47.7695133,0.049233,C,spec-59673-HD091915N465637B01_sp15-052,1001015052,False,1,6.247034404567197,2.1939466775098944,7.268452100620919,3.770758971659258,3.315383283168797,-1.8387394778662192
RSI-PSB-0090,19.5586101,25.0405767,0.0662549,C,spec-56956-EG011927N271550B01_sp01-043,255901043,False,1,7.35593393479894,-0.0994650053123322,3.802913390082168,3.844030585046376,3.987189442133596,1.8766204286823185
RSI-PSB-0091,149.418076,40.075228,0.066905,C,spec-57399-HD095221N375452M01_sp12-226,404712226,False,2,8.96553121035655,-4.826743472798074,8.66922814686971,4.410125432665399,4.388242148961509,0.6735593133861743
RSI-PSB-0091,149.4180328,40.0752295,0.067126,C,spec-59581-HD100632N393013M02_sp14-172,963514172,False,2,8.58289435205787,-2.076863610997033,5.019317387393753,4.301977162623716,3.850392038923594,0.4151838739483818
RSI-PSB-0092,320.22418,2.3731,0.129714,C,spec-56948-EG212551N003203M01_sp16-052,254816052,False,1,6.3723271466888285,2.0227399739251912,6.41667016119486,1.3623853257785512,3.524818077489893,1.6877949638422831
RSI-PSB-0093,345.37018,4.38528,0.0390716,C,spec-56600-EG230400N063658M01_sp01-241,173501241,False,1,9.99201798621339,-0.2157021006720327,4.372165383011343,2.8308946552982195,3.287701756592813,0.5264350752540775
RSI-PSB-0094,16.8778674,28.1570753,0.050731,C,spec-59112-EG010815N285204M01_sp05-158,837205158,False,1,7.480105642984663,-0.8166001210537768,4.8417576344082764,2.8429704014231936,3.781150525268237,0.942552532321168
RSI-PSB-0095,13.6764985,22.7510087,0.072193,C,spec-58405-EG004720N241601M01_sp07-092,680607092,False,1,8.117448169343918,5.226509576986892,4.953505228113107,2.787989894434138,2.765420798962011,1.308184061906201
RSI-PSB-0096,201.007097,9.712828,0.0234027,C,spec-57487-HD131646N092526M01_sp13-203,451213203,False,1,12.89097385579824,-1.7870425855820675,4.743188051953609,2.900427423600758,3.629745905784636,0.3018263992410504
RSI-PSB-0097,22.710546,35.915219,0.0714248,C,spec-57014-M31020N36M2_sp06-250,284006250,False,1,8.669141970873197,-0.1107143119592789,4.095532389317818,2.180952606376263,3.9469428223680016,2.1638836426585613
RSI-PSB-0098,340.2934794,3.2702613,0.0398069,C,spec-56916-EG223850N043148B01_sp08-179,247808179,False,1,8.365307513837395,-0.941517698963344,4.347114685971589,2.569692654340856,4.12174167387861,2.099321369223768
RSI-PSB-0099,352.501629,3.229915,0.0585872,C,spec-56561-EG233013N050046B01_sp01-173,158601173,False,2,14.865707161281229,-2.1014796741396005,4.337208005336336,2.8165568008465933,4.05938964861407,1.2877731774665926
RSI-PSB-0099,352.50168,3.22993,0.0585145,C,spec-56983-EG233528N011847M01_sp16-034,269816034,False,2,15.319401401348534,-3.720468400415029,4.622858524841176,3.0537778394837467,4.131613949021193,1.5694643247439912
RSI-PSB-0100,11.675458,32.603964,0.0942106,C,spec-56647-M31010N33M1_sp08-024,195308024,False,1,10.651962541669512,1.8184283076671863,4.17204087925793,1.9753267987876093,3.593045798237666,1.8174048221751145
RSI-PSB-0101,242.605651,45.414498,0.14417,C,spec-57486-HD160846N445605M01_sp04-225,450804225,False,1,8.376185678278778,1.1477620494732304,4.216958473095681,1.9410367290865675,3.655858939837349,1.9349762591026047
RSI-PSB-0102,107.61573,59.643138,0.124889,C,spec-58136-GAC105N57M1_sp12-069,631512069,False,1,9.724828528503094,-0.3438086305674641,4.0293591346945465,2.4440036604256967,3.45124878250283,2.1791178563906493
RSI-PSB-0103,142.0215882,6.8944118,0.170651,C,spec-58929-HD092329N074249M02_sp08-124,812008124,False,1,6.930934200624652,4.306092621189909,3.6971427432318538,2.431467326687698,3.201644282311994,1.8647412170596944
RSI-PSB-0104,67.3603909,-5.7276875,0.0416361,C,spec-57362-EG043159S042253M01_sp05-206,386705206,False,1,9.2100458072698,3.4258775670591985,3.73636805194232,1.9264903447027504,3.023827239224449,1.6908813553275277
RSI-PSB-0105,173.7888915,44.2449353,0.069742,C,spec-58845-HD113736N444258M02_sp03-012,781303012,False,1,7.451113700146051,4.939446322126313,4.293206169040179,0.9080775829574952,3.6742794523219873,1.772712883216785
RSI-PSB-0106,46.9049683,2.213489,0.103485,C,spec-57043-EG030739N012421M01_sp15-119,300715119,False,1,11.23926056051438,1.4480218916476562,2.9652181199829664,2.0709459332148112,3.244675263599537,1.0479867097756213
RSI-PSB-0107,354.5581501,7.4790175,0.0831723,C,spec-57312-EG234156N071501M01_sp03-212,371703212,False,1,9.210183827154854,-0.5683046858695514,4.176778751378063,1.7076039416373583,3.263995113479658,1.7862891594113006
RSI-PSB-0108,45.7833054,15.9815165,0.160995,C,spec-57750-EG030725N175247M01_sp02-019,501302019,False,1,11.273627173724991,-2.059349614449558,4.530376357615361,2.204726761661166,3.446433643041148,1.5815293878074934
RSI-PSB-0109,245.7519863,6.7420538,0.0395323,C,spec-56776-HD161834N071537B_sp08-055,236508055,False,1,13.332932217568336,-3.0845080682963,4.440512592406771,2.604313920328822,3.7322895972939856,1.1457160200568697
RSI-PSB-0110,168.22098,14.44788,0.119317,C,spec-56301-HD110643N151055F01_sp06-226,104806226,False,1,7.031342784487042,-0.6934653952200063,4.131128994395954,1.3635672143873827,3.43658253748566,1.4522061004129665
RSI-PSB-0111,4.69345,1.62444,0.0843152,C,spec-56978-EG001639N015102M01_sp04-104,266704104,False,1,7.096190074273677,5.653699290563577,3.4885041135833688,1.449832316441061,3.258838785020321,2.364050107658628
RSI-PSB-0112,219.9703365,12.3717506,0.0382131,C,spec-57045-HD143249N140339B01_sp07-087,302507087,False,2,10.063764725251016,-1.0603055001588326,4.177961849712026,2.476394118563236,3.957784467398755,1.1184942564811853
RSI-PSB-0112,219.970361,12.371707,0.0381194,C,spec-57421-HD143249N140339B02_sp07-087,418707087,False,2,10.333670730696712,-3.6414944213180345,4.725379947300056,2.508094786130457,3.6651658293651215,1.0923435677322713
RSI-PSB-0113,191.8050571,44.9928126,0.076686,C,spec-58546-HD124214N455237M02_sp08-117,732308117,False,1,6.546457635776982,6.262575452582381,2.4082423726321744,2.105272563225953,3.2499639008918857,1.4068825322315717
RSI-PSB-0114,8.6277204,32.80493,0.0670551,C,spec-56647-M31010N33M1_sp10-060,195310060,False,1,8.933121435810659,1.3445685649126615,2.5646221543605567,1.4499684331131637,3.07019306184657,1.8122204827654207
RSI-PSB-0115,329.8432314,10.8407018,0.075707,C,spec-57694-EG215559N100549M01_sp09-045,474109045,False,1,7.926267513744549,0.4876192070975769,2.530871927577722,1.968337683571548,2.733451077821462,1.6666792240792776
RSI-PSB-0116,36.4762649,21.2145662,0.088862,C,spec-59875-EG022114N232535M02_sp07-132,1047607132,False,1,9.22129776716868,-1.7661134047017546,2.979383372750547,2.749992804250516,2.963331127405098,1.1664871075443122
RSI-PSB-0117,328.8069111,7.6938032,0.0786074,C,spec-57279-EG220007N064302M01_sp14-081,353614081,False,1,7.131767000438991,-0.1832929893694452,2.569676983474824,1.391863198938188,2.915383659946035,1.5062231871445615
RSI-PSB-0118,26.8389493,1.4157668,0.0957351,C,spec-58844-EG013925N003643M01_sp13-126,780213126,False,1,7.714278480639655,-5.006082963598151,5.350778000968327,1.451157546020985,2.8702325109942377,1.6919577664234675
RSI-PSB-0119,21.675233,19.5009837,0.166983,C,spec-57659-EG012217N184057M01_sp09-186,470109186,False,1,9.180544579103222,-8.092471159143445,5.703335114384845,2.4657303670518056,3.0818274155853693,1.2822494649064289
RSI-PSB-0120,26.114325,33.880588,0.0724736,D,spec-57740-M31027N32B2_sp15-169,497315169,True,1,6.7439990419144,-3.631049281107991,8.19268540033947,4.315845493656921,4.662018634191983,0.890059877478697
RSI-PSB-0121,32.9897527,23.3509114,0.163036,D,spec-57362-EG022114N232535M01_sp10-140,386610140,True,1,12.939694116629816,2.243652436231212,3.8516023792635496,2.423467878793901,3.630050928129211,2.062235814305472
RSI-PSB-0122,194.249527,29.068491,0.025276,D,spec-57869-HD125932N280356M02_sp15-011,565615011,True,1,6.958095250160305,2.942595240133718,3.4877961210289743,3.201829258194361,4.0093501941466645,2.1385955186274965
RSI-PSB-0123,334.3084,16.2005704,0.029052,D,spec-57660-EG221805N162320M01_sp04-007,505804007,True,1,9.22197347337898,1.9897861383575524,4.003469395632533,2.856128392680226,3.3293068157009187,2.255319120455904
RSI-PSB-0124,29.7119353,8.3283635,0.201842,D,spec-57693-EG015106N083254M01_sp06-040,473506040,True,1,6.817991359791013,-3.313730917944447,6.162255144394602,3.1760515930854933,2.098514839672387,1.1627691885642717
RSI-PSB-0125,163.0788371,1.7375591,0.16982,D,spec-58931-HD104509N022916M02_sp06-181,812606181,True,1,7.760535130893841,-5.676741886018481,6.20954352609017,3.320925138824951,3.553127828131343,1.8833877347449968
RSI-PSB-0126,183.11292,0.16513,0.082492,D,spec-56656-HD120800N003716M01_sp08-062,200608062,False,1,21.79758499559203,-4.475508604073005,8.10196006499431,4.63928009118895,4.58826943236619,-0.4417113188661911
RSI-PSB-0127,19.9374979,23.4937376,0.13899,D,spec-57723-EG012535N233041M01_sp03-051,485303051,False,1,11.231285711853056,-1.7343074010615322,6.112672615310104,2.60120476149479,3.971898232047456,1.3040058433294892
RSI-PSB-0128,58.5133768,-0.9613084,0.0476808,D,spec-57336-EG034838N001340M01_sp06-010,382406010,False,1,9.49178249406022,5.608240924705498,4.437508225070977,2.896547485390875,3.3798322267579155,1.5128992534153276
RSI-PSB-0129,138.673783,15.702305,0.0894698,D,spec-58844-HD090808N144241M02_sp13-165,780413165,False,1,12.30092556597972,0.4671509053327281,3.438831406467898,2.3208178634756456,3.703213338172528,1.6256710066390094
RSI-PSB-0130,29.6647474,7.6736737,0.0878339,D,spec-57280-EG020152N075151M01_sp03-185,354003185,False,1,7.991438759927808,1.2202489984091591,3.178738628771144,2.131482747148546,3.6221111987607206,1.8732980506952503
RSI-PSB-0131,338.3641178,-2.9602413,0.053285,D,spec-57721-EG224206S032824M01_sp14-245,484814245,False,1,8.734102347176254,1.3096508477366182,3.4086111766664167,2.478714703882163,2.499725885048752,0.9693991044289938
RSI-PSB-0132,37.2172476,4.4013562,0.198743,D,spec-56568-EG023131N032619F07_sp15-086,160615086,False,1,6.816822400964894,0.3595270180095001,3.682811876203877,1.6799874720316073,2.551167241012388,1.2385593868014757
RSI-PSB-0133,345.3471483,9.3697929,0.0685934,D,spec-57328-EG225829N094931M01_sp08-240,380408240,False,1,7.123550248964479,-3.911016993821965,4.926838126766103,2.619073726550994,4.011554125717746,1.7850216876646416
RSI-PSB-0134,129.771622,57.738997,0.139633,D,spec-57732-HD083725N555909M01_sp11-227,491811227,False,1,8.680879325560623,-1.711147040684226,3.484078668787284,2.0039831625528675,3.572336423005835,2.0214606857350463
RSI-PSB-0135,205.074327,38.87957,0.117449,D,spec-57076-HD134619N383013M01_sp03-104,321503104,False,1,9.935329190654794,-1.9067221155520675,3.867686345808441,2.1823994973919905,3.228956181685323,-0.374565861551033
RSI-PSB-0136,157.64822,15.7751282,0.083047,D,spec-59255-HD102653N171310M02_sp07-112,892507112,False,1,7.473866186804576,-2.0176955852872043,2.6797744460114097,2.1919678893293164,3.0540111339382228,1.6798000677085978
RSI-PSB-0137,34.8858641,7.5131241,0.056521,D,spec-57695-EG022616N061733M01_sp16-094,474716094,False,1,4.531025018933158,-1.994185036395289,3.26963028321409,2.028691777359024,2.722054033239808,-0.1235071087300534
RSI-PSB-0138,320.104729,30.438458,0.0479749,D,spec-57305-HD212242N301835B01_sp04-159,368204159,False,1,8.41547623857889,-2.712295230824173,3.4070029568929834,1.2934218194447389,3.0158427177761737,1.4675636269255412
RSI-PSB-0139,223.27737,40.92007,0.0914507,D,spec-56807-HD144344N402733M01_sp13-130,242513130,False,1,10.47552664238702,-3.731250354442857,2.9546465267907056,1.836847404098913,3.618181264779108,1.140150070693803
RSI-PSB-0140,3.22576,24.76161,0.034293,D,spec-56648-VB003N26V2_sp01-201,196301201,False,1,8.287809860966613,-4.257547674482474,3.11021585848272,2.524894815745043,3.530510925729198,1.3080508881597046
RSI-PSB-0141,353.0333126,18.7204965,0.21532,D,spec-57724-EG232823N195308M01_sp08-121,485908121,False,1,11.778866696724126,-6.039571414475158,4.225689224482214,2.948230957113253,3.64928320311102,-0.5357212373357977
RSI-PSB-0142,18.7782391,24.6054151,0.088312,D,spec-59201-EG010638N231357M01_sp12-208,868512208,False,1,8.151682817892647,-5.424759347839596,4.568389844851798,1.4406117329060513,3.7891459270262455,0.8650832627152402
RSI-PSB-0143,225.6085405,53.0732552,0.219968,D,spec-58937-HD150616N543322M02_sp05-204,814505204,False,1,6.807509158358449,-7.690419615651212,5.169643020484161,1.2018472166448373,3.754280236381218,-0.0677639323956757
RSI-PSB-0144,319.7395358,16.5911802,0.065,D,spec-58397-HD211542N164339B01_sp08-033,677708033,False,1,7.198937542376173,-8.659186838272678,4.47577709773242,1.67388535405545,2.780345204946077,0.4797313910325675
RSI-PSB-0145,64.2326969,-3.5130292,0.0748545,D,spec-57314-EG042015S023742M01_sp05-180,372705180,False,1,7.705713263746516,-12.784112640272838,3.7835295510454494,3.775517516051615,3.517464429853203,1.3285913001842895
